{"cameraMode":{"drawMode":0,"name":"Shaded","section":"Shading Mode"},"sceneLighting":true,"audioPlay":false,"sceneViewState":{"showFog":true,"showMaterialUpdate":false,"showSkybox":true,"showFlares":true,"showImageEffects":true,"showParticleSystems":true},"in2DMode":false,"pivot":{"x":14.582256317138672,"y":2.525801658630371,"z":2.2983083724975588},"rotation":{"x":0.02939208596944809,"y":-0.7184826135635376,"z":0.030418919399380685,"w":0.6943010091781616},"size":10.945427894592286,"orthographic":true}